posicao_ranking,jogador,clube,grupo,operacao,valor_milhoes_euros,minutos,nota_media,GA_90,titularidade,p_nota,p_metricas,score
1,Fred,Atlético-MG,Meio-campo,compra,2.0,627,7.17,0.57,0.87,0.88,0.94,89.29
2,Vitor Hugo,Atlético-MG,Zagueiros,compra,1.0,2495,6.96,0.11,0.84,1.0,0.6,84.8
3,Renan Lodi,Atlético-MG,Laterais,livre,0.0,3823,7.08,0.21,0.94,1.0,0.45,82.38
4,Alan Minda,Atlético-MG,Ataque,compra,7.0,1267,6.73,0.43,0.43,0.73,0.82,69.44
5,Gerson,Cruzeiro,Meio-campo,compra,27.0,3280,7.12,0.16,0.83,0.75,0.38,65.32
6,Wesley,Cruzeiro,Ataque,empréstimo,,476,6.74,0.19,0.53,0.82,0.09,54.21
7,Angelo Preciado,Atlético-MG,Laterais,compra,5.0,1366,6.74,0.07,0.66,0.5,0.5,53.2
8,Victor Hugo,Atlético-MG,Meio-campo,compra,2.15,2688,6.96,0.27,0.79,0.38,0.5,49.47
9,Mateo Cassierra,Atlético-MG,Ataque,compra,7.0,2109,6.67,0.38,0.59,0.45,0.46,48.15
10,Bruno Rodrigues,Cruzeiro,Ataque,livre,0.0,794,6.64,0.57,0.33,0.36,0.56,41.49
11,Kevin Castaño,Atlético-MG,Meio-campo,livre,0.0,541,6.95,0.17,0.67,0.25,0.49,40.61
12,Maycon,Atlético-MG,Meio-campo,livre,0.0,2409,6.91,0.11,0.76,0.12,0.43,34.55
13,Gabriel Rojas,Cruzeiro,Laterais,compra,5.25,832,6.58,0.0,0.71,0.0,0.68,34.47
14,Néiser Villarreal,Cruzeiro,Ataque,livre,0.0,981,6.54,0.46,0.44,0.18,0.5,32.81
