jogador,clube,grupo,operacao,valor,minutos,GA,euros_por_GA,nota_media,score
Gerson,Cruzeiro,Meio-campo,compra,27.0,3280,6.0,4.5,7.12,65.32
Alan Minda,Atlético-MG,Ataque,compra,7.0,1267,6.0,1.17,6.73,69.44
Mateo Cassierra,Atlético-MG,Ataque,compra,7.0,2109,9.0,0.78,6.67,48.15
Gabriel Rojas,Cruzeiro,Laterais,compra,5.25,832,0.0,,6.58,34.47
Angelo Preciado,Atlético-MG,Laterais,compra,5.0,1366,1.0,5.0,6.74,53.2
Victor Hugo,Atlético-MG,Meio-campo,compra,2.15,2688,8.0,0.27,6.96,49.47
Fred,Atlético-MG,Meio-campo,compra,2.0,627,4.0,0.5,7.17,89.29
Vitor Hugo,Atlético-MG,Zagueiros,compra,1.0,2495,3.0,0.33,6.96,84.8
Maycon,Atlético-MG,Meio-campo,livre,0.0,2409,3.0,,6.91,34.55
Kevin Castaño,Atlético-MG,Meio-campo,livre,0.0,541,1.0,,6.95,40.61
Néiser Villarreal,Cruzeiro,Ataque,livre,0.0,981,5.0,,6.54,32.81
Renan Lodi,Atlético-MG,Laterais,livre,0.0,3823,9.0,,7.08,82.38
Bruno Rodrigues,Cruzeiro,Ataque,livre,0.0,794,5.0,,6.64,41.49
Wesley,Cruzeiro,Ataque,empréstimo,0.0,476,1.0,,6.74,54.21
