clube,movimento,jogador,posicao,jogos,minutos,gols,assistencias,xg,xa,finalizacoes,finalizacoes_no_gol,grandes_chances_perdidas,grandes_chances_criadas,passes_decisivos,dribles_certos,passes_certos,cruzamentos_certos,desarmes,interceptacoes,driblado,chutes_bloqueados,duelos_aereos_vencidos,erros_para_gol,fonte,data_coleta,obs,competicoes,entra_no_ranking,clube_atual,liga_atual,gols_sofridos,jogos_sem_sofrer_gol,xgc,gols_evitados,nota_sofascore,nota_fotmob,nota_flashscore,nota_365scores,nota_padronizada,dif_plataformas
Atlético-MG,chegada,Alan Minda,PD/PE,33,1267,4.0,2.0,3.4,2.29,31.0,15.0,4.0,5.0,23.0,34.0,,,,,,,,,Sofascore,2026-09-28,,todas,sim,,,,,,,6.8,6.66,,,-0.2989279869139969,-0.5161064168754855
Atlético-MG,chegada,Mateo Cassierra,ATA,40,2109,6.0,3.0,6.66,1.76,45.0,17.0,14.0,5.0,26.0,7.0,,,,,,,,,Sofascore,2026-09-28,,todas,sim,,,,,,,6.71,6.63,,,-0.5824045000113888,-0.1633769273544503
Atlético-MG,chegada,Thiago Borbas,ATA,5,174,1.0,0.0,0.41,0.005,4.0,1.0,0.0,0.0,3.0,0.0,,,,,,,,,Sofascore,2026-09-28,abaixo do mínimo de 450 minutos,todas,nao,,,,,,,,,,,,
Atlético-MG,chegada,Fred,MC,8,627,1.0,3.0,1.34,1.7,,,,4.0,17.0,,,,,,,,,1.0,Sofascore,2026-09-28,,todas,sim,,,,,,,7.08,7.26,,,1.4874983197892624,0.1955117031929227
Atlético-MG,chegada,Victor Hugo,MEI,38,2688,6.0,2.0,3.89,1.89,,,,7.0,34.0,,,,,,,,,0.0,Sofascore,2026-09-28,,todas,sim,,,,,,,6.93,6.99,,,0.6222943140584075,-0.0020921154090827
Atlético-MG,chegada,Kevin Castaño,MC,9,541,0.0,1.0,0.07,0.47,,,,1.0,5.0,,397.0,,9.0,4.0,9.0,4.0,,0.0,Sofascore,2026-09-28,,todas,sim,,,,,,,6.97,6.93,,,0.6173694919121802,-0.4206895444641246
Atlético-MG,chegada,Maycon,MC,35,2409,3.0,0.0,2.16,1.61,,,,3.0,29.0,,1357.0,,34.0,28.0,19.0,4.0,,0.0,Sofascore,2026-09-28,,todas,sim,,,,,,,6.91,6.91,,,0.4283851498472542,-0.1855365514501004
Atlético-MG,chegada,Angelo Preciado,LD,23,1366,0.0,1.0,0.44,0.34,,,,,10.0,,,6.0,39.0,21.0,3.0,,,0.0,Sofascore,2026-09-28,,todas,sim,,,,,,,6.65,6.84,,,-0.3607937301183015,0.8929662895756004
Atlético-MG,chegada,Renan Lodi,LE,45,3823,5.0,4.0,3.42,3.73,,,,11.0,38.0,,,29.0,75.0,34.0,18.0,,,,Sofascore,2026-09-28,,todas,sim,,,,,,,6.98,7.17,,,1.071363301807337,0.3851111291355353
Atlético-MG,chegada,Vitor Hugo,ZAG,33,2495,3.0,,,,,,,,,,1477.0,,38.0,11.0,11.0,28.0,73.0,,Sofascore,2026-09-28,,todas,sim,,,,,,,6.93,6.98,,,0.604442352668929,-0.0377960381880397
Atlético-MG,chegada,Ruan Tressoldi,ZAG,40,3335,3.0,,,,,,,,,,1735.0,,44.0,42.0,13.0,37.0,85.0,,Sofascore,2026-09-28,efetivação: já estava no elenco por empréstimo,todas,nao,,,,,,,,,,,,
Atlético-MG,chegada,Léo Duarte,ZAG,0,0,,,,,,,,,,,,,,,,,,,Sofascore,2026-09-28,ainda sem jogos oficiais,todas,nao,,,,,,,,,,,,
Cruzeiro,chegada,Néiser Villarreal,ATA,25,981,4.0,1.0,5.5,0.51,31.0,12.0,16.0,2.0,12.0,3.0,,,,,,,,,Sofascore,2026-09-28,,todas,sim,,,,,,,6.59,6.48,,,-1.1567447594255111,-0.0858140918949337
Cruzeiro,chegada,Lucho Rodríguez,PD/PE,5,104,0.0,2.0,0.18,0.86,4.0,2.0,0.0,1.0,3.0,0.0,,,,,,,,,Sofascore,2026-09-28,abaixo do mínimo de 450 minutos,todas,nao,,,,,,,,,,,,
Cruzeiro,chegada,Bruno Rodrigues,PD/PE,27,794,2.0,3.0,1.16,1.13,13.0,5.0,1.0,3.0,11.0,9.0,,,,,,,,,Sofascore,2026-09-28,,todas,sim,,,,,,,6.7,6.58,,,-0.697211043506444,-0.2908030681539161
Cruzeiro,chegada,Gerson,MC,44,3280,0.0,6.0,1.85,3.03,,,,7.0,48.0,,1988.0,,44.0,20.0,23.0,11.0,,0.0,Sofascore,2026-09-28,,todas,sim,,,,,,,7.12,7.13,,,1.357609767916684,-0.4730131853148211
Cruzeiro,chegada,Wesley,PD/PE,10,476,1.0,0.0,0.97,0.37,12.0,3.0,1.0,0.0,4.0,,,,,,,,,,Sofascore,2026-09-28,,todas,sim,,,,,,,6.82,6.66,,,-0.2478345138186724,-0.6182933630661346
Cruzeiro,chegada,Gabriel Pec,PD/PE,1,62,0.0,0.0,0.47,0.0,3.0,2.0,1.0,,,,,,,,,,,,Sofascore,2026-09-28,abaixo do mínimo de 450 minutos,todas,nao,,,,,,,,,,,,
Cruzeiro,chegada,João Costa,PD/PE,9,294,0.0,0.0,0.36,0.23,8.0,4.0,0.0,0.0,4.0,4.0,,,,,,,,,Sofascore,2026-09-28,abaixo do mínimo de 450 minutos,todas,nao,,,,,,,,,,,,
Cruzeiro,chegada,Zé Lucas,MC,8,290,0.0,0.0,0.08,0.06,,,,0.0,1.0,,125.0,,7.0,6.0,4.0,3.0,,0.0,Sofascore,2026-09-28,abaixo do mínimo de 450 minutos,todas,nao,,,,,,,,,,,,
Cruzeiro,chegada,Gabriel Rojas,LE,13,832,0.0,0.0,0.51,1.07,,,,3.0,16.0,,,15.0,18.0,9.0,6.0,,,,Sofascore,2026-09-28,,todas,sim,,,,,,,6.48,6.68,,,-1.080719633660212,1.1902925677327727
Cruzeiro,chegada,Chico da Costa,ATA,14,404,0.0,1.0,1.13,0.1,14.0,3.0,1.0,1.0,5.0,0.0,,,,,,,,,Sofascore,2026-09-28,período no Cruzeiro | abaixo do mínimo de 450 minutos,todas,nao,,,,,,,,,,,,
Cruzeiro,chegada,Matheus Cunha,GOL,12,955,,,,,,,,,,,,,,,,,,0.0,Sofascore,2026-09-28,período no Cruzeiro,todas,sim,,,13.0,5.0,7.7,-5.32,6.55,6.44,,,-1.3303395511740737,-0.0242558906294712
Cruzeiro,saída,Chico da Costa,ATA,2,90,0.0,0.0,0.68,0.02,3.0,1.0,1.0,0.0,1.0,0.0,,,,,,,,,Sofascore,2026-09-28,abaixo do mínimo de 450 minutos,todas,nao,Fortaleza,Série B,,,,,,,,,,
Cruzeiro,saída,Matheus Cunha,GOL,11,977,,,,,,,,,,,,,,,,,,,Sofascore,2026-09-28,,todas,sim,Internacional,Série A,14.0,3.0,14.1,0.08,6.83,6.55,,,-0.4186593525552795,-1.0621299867299934
Cruzeiro,saída,Yannick Bolasie,ATA,25,1509,2.0,2.0,4.55,1.21,39.0,15.0,5.0,1.0,13.0,10.0,,,,,,,,,Sofascore,2026-09-28,,todas,sim,Chapecoense,Série A,,,,,6.55,6.41,,,-1.3838954353425108,-0.1313676589663452
Cruzeiro,saída,Gabriel Barbosa,ATA,42,3071,21.0,9.0,18.46,3.21,103.0,32.0,15.0,9.0,41.0,13.0,,,,,,,,,Sofascore,2026-09-28,,todas,sim,Santos,Série A,,,,,7.0,7.2,,,1.1760126590710964,0.3900359512817648
Cruzeiro,saída,Eduardo,MC,34,1831,9.0,0.0,4.46,0.98,,,,1.0,11.0,,566.0,,16.0,6.0,23.0,1.0,,0.0,Sofascore,2026-09-28,,todas,sim,Mirassol,Série A,,,,,6.81,6.73,,,-0.1484175206399832,-0.3172724305181026
Cruzeiro,saída,Christian,MC,9,541,2.0,2.0,0.23,0.0,,,,1.0,9.0,,124.0,,12.0,5.0,4.0,2.0,,0.0,Sofascore,2026-09-28,conferir: 2 assistências com xA 0.00,todas,sim,Krasnodar,Rússia,,,,,6.92,7.44,,,1.400085840037296,1.6556778827393384
Cruzeiro,saída,Walace,MC,9,300,0.0,0.0,0.13,0.26,,,,1.0,2.0,,184.0,,6.0,7.0,6.0,1.0,,0.0,Sofascore,2026-09-28,abaixo do mínimo de 450 minutos,todas,nao,Vitória,Série A,,,,,,,,,,
Cruzeiro,saída,Japa,MC,9,439,0.0,0.0,0.41,0.16,,,,0.0,1.0,,119.0,,10.0,6.0,6.0,6.0,,0.0,Sofascore,2026-09-28,abaixo do mínimo de 450 minutos,todas,nao,Mirassol,Série A,,,,,,,,,,
Cruzeiro,saída,Bruno Alves,ZAG,2,141,0.0,,,,,,,,,,63.0,,1.0,1.0,,1.0,,0.0,Sofascore,2026-09-28,abaixo do mínimo de 450 minutos,todas,nao,Norwich City,Championship (ING),,,,,,,,,,
Cruzeiro,chegada,Matías Viña,LE,0,0,,,,,,,,,,,,,,,,,,,Sofascore,2026-09-28,ainda sem jogos oficiais pelo Cruzeiro,todas,nao,,,,,,,,,,,,
Cruzeiro,saída,Kauã Prates,LE,3,51,0.0,0.0,0.07,0.0,,,,1.0,1.0,,,0.0,3.0,0.0,0.0,0.0,,0.0,Sofascore,2026-09-28,abaixo do mínimo de 450 minutos,todas,nao,Borussia Dortmund,Bundesliga (ALE),,,,,,,,,,
Cruzeiro,saída,Kaiki Bruno,LE,3,116,1.0,0.0,0.67,0.48,,,,0.0,3.0,,,3.0,4.0,1.0,0.0,1.0,,0.0,Sofascore,2026-09-28,abaixo do mínimo de 450 minutos,todas,nao,Como,Serie A (ITA),,,,,,,,,,
Atlético-MG,saída,Rony,PD/PE,40,1943,5.0,1.0,5.4,1.51,50.0,13.0,3.0,3.0,29.0,16.0,,,,,,,,,Sofascore,2026-09-28,,todas,sim,Santos,Série A,,,,,6.65,6.76,,,-0.5036094212341327,0.6073349073439382
Atlético-MG,saída,Junior Santos,PD/PE,22,1123,2.0,0.0,2.89,0.93,33.0,12.0,5.0,1.0,11.0,26.0,,,,,,,,,Sofascore,2026-09-28,,todas,sim,Botafogo,Série A,,,,,6.6,6.54,,,-1.0240862545409777,0.0773159716834892
Atlético-MG,saída,Biel,PD/PE,17,1013,1.0,0.0,1.21,2.07,13.0,4.0,0.0,2.0,11.0,13.0,,,,,,,,,Sofascore,2026-09-28,números somados de dois clubes em 2026,todas,sim,Arábia Saudita / Chipre,Saudita e Chipre,,,,,6.66,6.7,,,-0.5851744530233441,0.3420178975748709
Atlético-MG,saída,João Marcelo,ATA,9,256,3.0,0.0,0.49,0.27,8.0,5.0,2.0,0.0,3.0,3.0,,,,,,,,,Sofascore,2026-09-28,abaixo do mínimo de 450 minutos,todas,nao,Shabab Al-Ahli,Emirados Árabes,,,,,,,,,,
Atlético-MG,saída,Cadu,ATA,29,1433,4.0,1.0,4.84,0.19,27.0,8.0,3.0,0.0,5.0,8.0,,,,,,,,,Sofascore,2026-09-28,,todas,sim,Goiás,Série B,,,,,6.5,6.28,,,-1.743704616144044,-0.3400512896161798
Atlético-MG,saída,Gabriel Menino,MC,24,1236,4.0,1.0,1.57,1.76,,,,1.0,22.0,,550.0,,25.0,22.0,15.0,1.0,,0.0,Sofascore,2026-09-28,,todas,sim,Santos,Série A,,,,,7.0,6.98,,,0.7832695085025615,-0.3954503498553048
Atlético-MG,saída,Fausto Vera,MC,31,2291,1.0,0.0,1.44,0.58,,,,2.0,19.0,,1576.0,,52.0,20.0,14.0,9.0,,0.0,Sofascore,2026-09-28,,todas,sim,River Plate,Argentina,,,,,6.95,7.1,,,0.8697593624379987,0.2884640889688014
Atlético-MG,saída,Matheus Iseppe,MEI,0,10,0.0,0.0,0.0,0.01,,,,,,,2.0,,,,,,,,Sofascore,2026-09-28,registrado como 0 jogos e 10 minutos | abaixo do mínimo de 450 minutos,todas,nao,CD Nacional,Portugal,,,,,,,,,,
Atlético-MG,saída,Ivan Roman,ZAG,6,337,0.0,0.0,,,,,,,,,156.0,,3.0,4.0,,3.0,9.0,0.0,Sofascore,2026-09-28,abaixo do mínimo de 450 minutos,todas,nao,Colo-Colo,Chile,,,,,,,,,,
Atlético-MG,saída,Junior Alonso,ZAG,11,956,0.0,0.0,,,,,,,,,667.0,,15.0,9.0,,5.0,13.0,0.0,Sofascore,2026-09-28,,todas,sim,Atlanta United,MLS (EUA),,,,,6.87,6.7,,,-0.0486929855224489,-0.7309450374269194
Atlético-MG,saída,Guilherme Arana,LE,36,2141,2.0,1.0,1.6,1.59,,,,1.0,23.0,,,24.0,28.0,22.0,10.0,6.0,,0.0,Sofascore,2026-09-28,,todas,sim,Fluminense,Série A,,,,,6.73,6.91,,,-0.0314561080106553,0.7341459642657185
Atlético-MG,saída,Caio Paulista,LE,20,1261,0.0,0.0,0.37,0.93,,,,2.0,11.0,,,4.0,27.0,20.0,11.0,2.0,,1.0,Sofascore,2026-09-28,,todas,sim,Grêmio,Série A,,,,,6.7,6.76,,,-0.3758757384958247,0.3518675418673224
Atlético-MG,saída,Saravia,LD,5,353,0.0,0.0,0.04,0.05,,,,0.0,1.0,,,0.0,8.0,7.0,6.0,0.0,,0.0,Sofascore,2026-09-28,abaixo do mínimo de 450 minutos,todas,nao,Valencia,La Liga (ESP),,,,,,,,,,
Atlético-MG,saída,Hulk,ATA,15,994,7.0,4.0,5.62,2.12,40.0,19.0,6.0,5.0,21.0,13.0,,,,,,,,,Sofascore,2026-09-28,apenas o período no Fluminense,todas,sim,Fluminense,Série A,,,,,7.25,7.08,,,1.6004575360888915,-1.315747949448813
Atlético-MG,saída,Patrick,MC,0,0,,,,,,,,,,,,,,,,,,,Sofascore,2026-09-28,ainda sem jogos pelo clube novo,todas,nao,,,,,,,,,,,,
