id_par,clube,funcao,lado,jogador,observacao
1,Atlético-MG,Lateral esquerdo,saiu,Guilherme Arana,
1,Atlético-MG,Lateral esquerdo,chegou,Renan Lodi,
2,Atlético-MG,Centroavante,saiu,Hulk,
2,Atlético-MG,Centroavante,chegou,Mateo Cassierra,
3,Atlético-MG,Ponta,saiu,Rony,
3,Atlético-MG,Ponta,saiu,Junior Santos,
3,Atlético-MG,Ponta,saiu,Biel,
3,Atlético-MG,Ponta,chegou,Alan Minda,
4,Atlético-MG,Volante,saiu,Fausto Vera,
4,Atlético-MG,Volante,chegou,Maycon,
4,Atlético-MG,Volante,chegou,Kevin Castaño,
5,Atlético-MG,Meio-campo,saiu,Gabriel Menino,
5,Atlético-MG,Meio-campo,chegou,Fred,
5,Atlético-MG,Meio-campo,chegou,Victor Hugo,
6,Atlético-MG,Zagueiro,saiu,Junior Alonso,
6,Atlético-MG,Zagueiro,chegou,Vitor Hugo,
7,Atlético-MG,Lateral direito,saiu,Saravia,abaixo de 450 min
7,Atlético-MG,Lateral direito,chegou,Angelo Preciado,
8,Cruzeiro,Centroavante,saiu,Gabriel Barbosa,
8,Cruzeiro,Centroavante,chegou,Néiser Villarreal,
9,Cruzeiro,Meio-campo,saiu,Eduardo,
9,Cruzeiro,Meio-campo,chegou,Gerson,
10,Cruzeiro,Meio-campo,saiu,Christian,
10,Cruzeiro,Meio-campo,chegou,Zé Lucas,abaixo de 450 min
11,Cruzeiro,Lateral esquerdo,saiu,Kaiki Bruno,abaixo de 450 min
11,Cruzeiro,Lateral esquerdo,saiu,Kauã Prates,abaixo de 450 min
11,Cruzeiro,Lateral esquerdo,chegou,Gabriel Rojas,
12,Cruzeiro,Atacante / ponta,saiu,Yannick Bolasie,
12,Cruzeiro,Atacante / ponta,chegou,Bruno Rodrigues,
12,Cruzeiro,Atacante / ponta,chegou,Wesley,
